"0","library(""tidyverse"")
library(""ggplot2"")
library(""Hmisc"")
"
"2","Registered S3 method overwritten by 'htmlwidgets':
  method           from         
  print.htmlwidget tools:rstudio
"
"2","Registered S3 method overwritten by 'data.table':
  method           from
  print.data.table     
"
"2","
Attaching package: ‘Hmisc’

"
"2","The following objects are masked from ‘package:dplyr’:

    src, summarize

"
"2","The following objects are masked from ‘package:base’:

    format.pval, units

"
"0","library(""dplyr"")"
